image	genotype	replicate	S6A_observed_pachynema	S6A_ATF7IP2-on-X-PCH_Setdb1_pachynema
20230329_EXP33_CS_MDC1_MCAF2_SYCP3_Setdb1wt_001	WT	rep1	1	0
20230329_EXP33_CS_MDC1_MCAF2_SYCP3_Setdb1wt_002	WT	rep1	11	9
20230329_EXP33_CS_MDC1_MCAF2_SYCP3_Setdb1wt_003	WT	rep1	0	0
20230329_EXP33_CS_MDC1_MCAF2_SYCP3_Setdb1wt_004	WT	rep1	2	1
20230329_EXP33_CS_MDC1_MCAF2_SYCP3_Setdb1wt_005	WT	rep1	0	0
20230329_EXP33_CS_MDC1_MCAF2_SYCP3_Setdb1wt_006	WT	rep1	2	2
20230329_EXP33_CS_MDC1_MCAF2_SYCP3_Setdb1wt_007	WT	rep1	1	1
20230329_EXP33_CS_MDC1_MCAF2_SYCP3_Setdb1wt_008	WT	rep1	6	5
20230329_EXP33_CS_MDC1_MCAF2_SYCP3_Setdb1wt_009	WT	rep1	2	1
20230329_EXP33_CS_MDC1_MCAF2_SYCP3_Setdb1wt_010	WT	rep1	0	0
20230329_EXP33_CS_MDC1_MCAF2_SYCP3_Setdb1wt_011	WT	rep1	0	0
20230329_EXP33_CS_MDC1_MCAF2_SYCP3_Setdb1wt_012	WT	rep1	4	4
20230329_EXP33_CS_MDC1_MCAF2_SYCP3_Setdb1wt_013	WT	rep1	0	0
20230329_EXP33_CS_MDC1_MCAF2_SYCP3_Setdb1wt_014	WT	rep1	2	2
20230329_EXP33_CS_MDC1_MCAF2_SYCP3_Setdb1wt_015	WT	rep1	0	0
20230329_EXP33_CS_MDC1_MCAF2_SYCP3_Setdb1wt_016	WT	rep1	1	0
20230329_EXP33_CS_MDC1_MCAF2_SYCP3_Setdb1wt_017	WT	rep1	2	2
20230329_EXP33_CS_MDC1_MCAF2_SYCP3_Setdb1wt_018	WT	rep1	0	0
20230329_EXP33_CS_MDC1_MCAF2_SYCP3_Setdb1wt_019	WT	rep1	0	0
20230329_EXP33_CS_MDC1_MCAF2_SYCP3_Setdb1wt_020	WT	rep1	3	2
20230329_EXP33_CS_MDC1_MCAF2_SYCP3_Setdb1wt_021	WT	rep1	2	2
20230329_EXP33_CS_MDC1_MCAF2_SYCP3_Setdb1wt_022	WT	rep1	2	2
20230329_EXP33_CS_MDC1_MCAF2_SYCP3_Setdb1wt_023	WT	rep1	6	4
20230329_EXP33_CS_MDC1_MCAF2_SYCP3_Setdb1wt_024	WT	rep1	1	0
20230329_EXP33_CS_MDC1_MCAF2_SYCP3_Setdb1wt_025	WT	rep1	0	0
20230329_EXP33_CS_MDC1_MCAF2_SYCP3_Setdb1wt_201	WT	rep2	1	1
20230329_EXP33_CS_MDC1_MCAF2_SYCP3_Setdb1wt_202	WT	rep2	0	0
20230329_EXP33_CS_MDC1_MCAF2_SYCP3_Setdb1wt_203	WT	rep2	1	1
20230329_EXP33_CS_MDC1_MCAF2_SYCP3_Setdb1wt_204	WT	rep2	1	1
20230329_EXP33_CS_MDC1_MCAF2_SYCP3_Setdb1wt_205	WT	rep2	1	1
20230329_EXP33_CS_MDC1_MCAF2_SYCP3_Setdb1wt_206	WT	rep2	1	1
20230329_EXP33_CS_MDC1_MCAF2_SYCP3_Setdb1wt_207	WT	rep2	1	1
20230329_EXP33_CS_MDC1_MCAF2_SYCP3_Setdb1wt_208	WT	rep2	1	1
20230329_EXP33_CS_MDC1_MCAF2_SYCP3_Setdb1wt_209	WT	rep2	1	1
20230329_EXP33_CS_MDC1_MCAF2_SYCP3_Setdb1wt_210	WT	rep2	1	1
20230329_EXP33_CS_MDC1_MCAF2_SYCP3_Setdb1wt_211	WT	rep2	2	2
20230329_EXP33_CS_MDC1_MCAF2_SYCP3_Setdb1wt_212	WT	rep2	0	0
20230329_EXP33_CS_MDC1_MCAF2_SYCP3_Setdb1wt_213	WT	rep2	1	1
20230329_EXP33_CS_MDC1_MCAF2_SYCP3_Setdb1wt_214	WT	rep2	1	1
20230329_EXP33_CS_MDC1_MCAF2_SYCP3_Setdb1wt_215	WT	rep2	1	1
20230329_EXP33_CS_MDC1_MCAF2_SYCP3_Setdb1wt_216	WT	rep2	2	2
20230329_EXP33_CS_MDC1_MCAF2_SYCP3_Setdb1wt_217	WT	rep2	0	0
20230329_EXP33_CS_MDC1_MCAF2_SYCP3_Setdb1wt_218	WT	rep2	1	0
20230329_EXP33_CS_MDC1_MCAF2_SYCP3_Setdb1wt_219	WT	rep2	1	1
20230329_EXP33_CS_MDC1_MCAF2_SYCP3_Setdb1wt_220	WT	rep2	0	0
20230329_EXP33_CS_MDC1_MCAF2_SYCP3_Setdb1wt_221	WT	rep2	1	0
20230329_EXP33_CS_MDC1_MCAF2_SYCP3_Setdb1wt_222	WT	rep2	1	1
20230329_EXP33_CS_MDC1_MCAF2_SYCP3_Setdb1wt_401	WT	rep3	14	14
20230329_EXP33_CS_MDC1_MCAF2_SYCP3_Setdb1wt_402	WT	rep3	1	1
20230329_EXP33_CS_MDC1_MCAF2_SYCP3_Setdb1wt_403	WT	rep3	1	1
20230329_EXP33_CS_MDC1_MCAF2_SYCP3_Setdb1wt_404	WT	rep3	0	0
20230329_EXP33_CS_MDC1_MCAF2_SYCP3_Setdb1wt_405	WT	rep3	1	0
20230329_EXP33_CS_MDC1_MCAF2_SYCP3_Setdb1wt_406	WT	rep3	1	1
20230329_EXP33_CS_MDC1_MCAF2_SYCP3_Setdb1wt_407	WT	rep3	1	1
20230329_EXP33_CS_MDC1_MCAF2_SYCP3_Setdb1wt_408	WT	rep3	0	0
20230329_EXP33_CS_MDC1_MCAF2_SYCP3_Setdb1wt_409	WT	rep3	1	1
20230329_EXP33_CS_MDC1_MCAF2_SYCP3_Setdb1wt_410	WT	rep3	0	0
20230329_EXP33_CS_MDC1_MCAF2_SYCP3_Setdb1wt_411	WT	rep3	1	1
20230329_EXP33_CS_MDC1_MCAF2_SYCP3_Setdb1wt_412	WT	rep3	2	2
20230329_EXP33_CS_MDC1_MCAF2_SYCP3_Setdb1wt_413	WT	rep3	0	0
20230329_EXP33_CS_MDC1_MCAF2_SYCP3_Setdb1wt_414	WT	rep3	2	2
20230329_EXP33_CS_MDC1_MCAF2_SYCP3_Setdb1cko_101	KO	rep1	2	0
20230329_EXP33_CS_MDC1_MCAF2_SYCP3_Setdb1cko_102	KO	rep1	8	0
20230329_EXP33_CS_MDC1_MCAF2_SYCP3_Setdb1cko_103	KO	rep1	3	0
20230329_EXP33_CS_MDC1_MCAF2_SYCP3_Setdb1cko_104	KO	rep1	4	0
20230329_EXP33_CS_MDC1_MCAF2_SYCP3_Setdb1cko_105	KO	rep1	3	0
20230329_EXP33_CS_MDC1_MCAF2_SYCP3_Setdb1cko_106	KO	rep1	3	0
20230329_EXP33_CS_MDC1_MCAF2_SYCP3_Setdb1cko_107	KO	rep1	3	0
20230329_EXP33_CS_MDC1_MCAF2_SYCP3_Setdb1cko_108	KO	rep1	4	0
20230329_EXP33_CS_MDC1_MCAF2_SYCP3_Setdb1cko_109	KO	rep1	10	0
20230329_EXP33_CS_MDC1_MCAF2_SYCP3_Setdb1cko_110	KO	rep1	0	0
20230329_EXP33_CS_MDC1_MCAF2_SYCP3_Setdb1cko_111	KO	rep1	4	0
20230329_EXP33_CS_MDC1_MCAF2_SYCP3_Setdb1cko_112	KO	rep1	1	0
20230329_EXP33_CS_MDC1_MCAF2_SYCP3_Setdb1cko_113	KO	rep1	3	0
20230329_EXP33_CS_MDC1_MCAF2_SYCP3_Setdb1cko_114	KO	rep1	1	0
20230329_EXP33_CS_MDC1_MCAF2_SYCP3_Setdb1cko_115	KO	rep1	5	0
20230329_EXP33_CS_MDC1_MCAF2_SYCP3_Setdb1cko_116	KO	rep1	1	0
20230329_EXP33_CS_MDC1_MCAF2_SYCP3_Setdb1cko_117	KO	rep1	4	0
20230329_EXP33_CS_MDC1_MCAF2_SYCP3_Setdb1cko_118	KO	rep1	4	0
20230329_EXP33_CS_MDC1_MCAF2_SYCP3_Setdb1cko_119	KO	rep1	0	0
20230329_EXP33_CS_MDC1_MCAF2_SYCP3_Setdb1cko_120	KO	rep1	2	0
20230329_EXP33_CS_MDC1_MCAF2_SYCP3_Setdb1cko_121	KO	rep1	4	0
20230329_EXP33_CS_MDC1_MCAF2_SYCP3_Setdb1cko_122	KO	rep1	0	0
20230329_EXP33_CS_MDC1_MCAF2_SYCP3_Setdb1cko_123	KO	rep1	2	0
20230329_EXP33_CS_MDC1_MCAF2_SYCP3_Setdb1cko_124	KO	rep1	4	0
20230329_EXP33_CS_MDC1_MCAF2_SYCP3_Setdb1cko_125	KO	rep1	4	0
20230329_EXP33_CS_MDC1_MCAF2_SYCP3_Setdb1cko_126	KO	rep1	1	0
20230329_EXP33_CS_MDC1_MCAF2_SYCP3_Setdb1cko_127	KO	rep1	5	0
20230329_EXP33_CS_MDC1_MCAF2_SYCP3_Setdb1cko_128	KO	rep1	1	0
20230329_EXP33_CS_MDC1_MCAF2_SYCP3_Setdb1cko_129	KO	rep1	6	0
20230329_EXP33_CS_MDC1_MCAF2_SYCP3_Setdb1cko_130	KO	rep1	0	0
20230329_EXP33_CS_MDC1_MCAF2_SYCP3_Setdb1cko_131	KO	rep1	1	0
20230329_EXP33_CS_MDC1_MCAF2_SYCP3_Setdb1cko_132	KO	rep1	1	0
20230329_EXP33_CS_MDC1_MCAF2_SYCP3_Setdb1cko_133	KO	rep1	3	0
20230329_EXP33_CS_MDC1_MCAF2_SYCP3_Setdb1cko_301	KO	rep2	1	0
20230329_EXP33_CS_MDC1_MCAF2_SYCP3_Setdb1cko_302	KO	rep2	1	1
20230329_EXP33_CS_MDC1_MCAF2_SYCP3_Setdb1cko_303	KO	rep2	4	0
20230329_EXP33_CS_MDC1_MCAF2_SYCP3_Setdb1cko_304	KO	rep2	2	0
20230329_EXP33_CS_MDC1_MCAF2_SYCP3_Setdb1cko_305	KO	rep2	1	0
20230329_EXP33_CS_MDC1_MCAF2_SYCP3_Setdb1cko_306	KO	rep2	4	1
20230329_EXP33_CS_MDC1_MCAF2_SYCP3_Setdb1cko_307	KO	rep2	1	1
20230329_EXP33_CS_MDC1_MCAF2_SYCP3_Setdb1cko_308	KO	rep2	1	1
20230329_EXP33_CS_MDC1_MCAF2_SYCP3_Setdb1cko_309	KO	rep2	1	0
20230329_EXP33_CS_MDC1_MCAF2_SYCP3_Setdb1cko_310	KO	rep2	1	0
20230329_EXP33_CS_MDC1_MCAF2_SYCP3_Setdb1cko_311	KO	rep2	1	0
20230329_EXP33_CS_MDC1_MCAF2_SYCP3_Setdb1cko_312	KO	rep2	3	0
20230329_EXP33_CS_MDC1_MCAF2_SYCP3_Setdb1cko_313	KO	rep2	1	0
20230329_EXP33_CS_MDC1_MCAF2_SYCP3_Setdb1cko_314	KO	rep2	1	0
20230329_EXP33_CS_MDC1_MCAF2_SYCP3_Setdb1cko_315	KO	rep2	2	0
20230329_EXP33_CS_MDC1_MCAF2_SYCP3_Setdb1cko_316	KO	rep2	1	0
20230329_EXP33_CS_MDC1_MCAF2_SYCP3_Setdb1cko_317	KO	rep2	2	1
20230329_EXP33_CS_MDC1_MCAF2_SYCP3_Setdb1cko_318	KO	rep2	1	1
20230329_EXP33_CS_MDC1_MCAF2_SYCP3_Setdb1cko_319	KO	rep2	2	1
20230329_EXP33_CS_MDC1_MCAF2_SYCP3_Setdb1cko_320	KO	rep2	3	2
20230329_EXP33_CS_MDC1_MCAF2_SYCP3_Setdb1cko_321	KO	rep2	1	0
20230329_EXP33_CS_MDC1_MCAF2_SYCP3_Setdb1cko_322	KO	rep2	1	0
20230329_EXP33_CS_MDC1_MCAF2_SYCP3_Setdb1cko_323	KO	rep2	1	1
20230329_EXP33_CS_MDC1_MCAF2_SYCP3_Setdb1cko_324	KO	rep2	1	0
20230329_EXP33_CS_MDC1_MCAF2_SYCP3_Setdb1cko_325	KO	rep2	1	0
20230329_EXP33_CS_MDC1_MCAF2_SYCP3_Setdb1cko_501	KO	rep3	2	1
20230329_EXP33_CS_MDC1_MCAF2_SYCP3_Setdb1cko_502	KO	rep3	0	0
20230329_EXP33_CS_MDC1_MCAF2_SYCP3_Setdb1cko_503	KO	rep3	1	0
20230329_EXP33_CS_MDC1_MCAF2_SYCP3_Setdb1cko_504	KO	rep3	1	0
20230329_EXP33_CS_MDC1_MCAF2_SYCP3_Setdb1cko_505	KO	rep3	1	0
20230329_EXP33_CS_MDC1_MCAF2_SYCP3_Setdb1cko_506	KO	rep3	1	0
20230329_EXP33_CS_MDC1_MCAF2_SYCP3_Setdb1cko_507	KO	rep3	2	0
20230329_EXP33_CS_MDC1_MCAF2_SYCP3_Setdb1cko_508	KO	rep3	2	0
20230329_EXP33_CS_MDC1_MCAF2_SYCP3_Setdb1cko_509	KO	rep3	2	0
20230329_EXP33_CS_MDC1_MCAF2_SYCP3_Setdb1cko_510	KO	rep3	1	0
20230329_EXP33_CS_MDC1_MCAF2_SYCP3_Setdb1cko_511	KO	rep3	1	0
20230329_EXP33_CS_MDC1_MCAF2_SYCP3_Setdb1cko_512	KO	rep3	4	0
20230329_EXP33_CS_MDC1_MCAF2_SYCP3_Setdb1cko_513	KO	rep3	3	1
20230329_EXP33_CS_MDC1_MCAF2_SYCP3_Setdb1cko_514	KO	rep3	2	0
20230329_EXP33_CS_MDC1_MCAF2_SYCP3_Setdb1cko_515	KO	rep3	1	0
20230329_EXP33_CS_MDC1_MCAF2_SYCP3_Setdb1cko_516	KO	rep3	2	0
20230329_EXP33_CS_MDC1_MCAF2_SYCP3_Setdb1cko_517	KO	rep3	2	0
20230329_EXP33_CS_MDC1_MCAF2_SYCP3_Setdb1cko_518	KO	rep3	6	0
20230329_EXP33_CS_MDC1_MCAF2_SYCP3_Setdb1cko_519	KO	rep3	14	6
20230329_EXP33_CS_MDC1_MCAF2_SYCP3_Setdb1cko_520	KO	rep3	1	0
20230329_EXP33_CS_MDC1_MCAF2_SYCP3_Setdb1cko_521	KO	rep3	1	0
