image	genotype	replicate	S7D_observed_pachynema-early	S7D_observed_pachynema-mid	S7D_observed_pachynema-late	S7D_observed_diplonema	S7D_SCML2-in-nucleus_pachynema-early	S7D_SCML2-in-nucleus_pachynema-mid	S7D_SCML2-in-nucleus_pachynema-late	S7D_SCML2-in-nucleus_diplonema
20210512_CS_Mcaf2wt_Exp07_R-SCML2_G-SYPC3_0001	WT	rep1	0	0	0	1	0	0	0	1
20210512_CS_Mcaf2wt_Exp07_R-SCML2_G-SYPC3_0002	WT	rep1	0	0	0	4	0	0	0	4
20210512_CS_Mcaf2wt_Exp07_R-SCML2_G-SYPC3_0003	WT	rep1	0	0	0	1	0	0	0	0
20210512_CS_Mcaf2wt_Exp07_R-SCML2_G-SYPC3_0004	WT	rep1	0	0	0	0	0	0	0	0
20210512_CS_Mcaf2wt_Exp07_R-SCML2_G-SYPC3_0005	WT	rep1	0	0	0	2	0	0	0	2
20210512_CS_Mcaf2wt_Exp07_R-SCML2_G-SYPC3_0006	WT	rep1	0	0	0	3	0	0	0	3
20210512_CS_Mcaf2wt_Exp07_R-SCML2_G-SYPC3_0007	WT	rep1	0	7	0	0	0	7	0	0
20210512_CS_Mcaf2wt_Exp07_R-SCML2_G-SYPC3_0008	WT	rep1	0	0	0	0	0	0	0	0
20210512_CS_Mcaf2wt_Exp07_R-SCML2_G-SYPC3_0009	WT	rep1	0	0	1	0	0	0	1	0
20210512_CS_Mcaf2wt_Exp07_R-SCML2_G-SYPC3_0010	WT	rep1	0	1	0	0	0	0	0	0
20210512_CS_Mcaf2wt_Exp07_R-SCML2_G-SYPC3_0011	WT	rep1	0	0	0	1	0	0	0	0
20210512_CS_Mcaf2wt_Exp07_R-SCML2_G-SYPC3_0012	WT	rep1	0	0	0	1	0	0	0	1
20210512_CS_Mcaf2wt_Exp07_R-SCML2_G-SYPC3_0013	WT	rep1	0	0	1	0	0	0	1	0
20210512_CS_Mcaf2wt_Exp07_R-SCML2_G-SYPC3_0014	WT	rep1	0	1	0	3	0	1	0	0
20210512_CS_Mcaf2wt_Exp07_R-SCML2_G-SYPC3_0015	WT	rep1	0	0	0	0	0	0	0	0
20210512_CS_Mcaf2wt_Exp07_R-SCML2_G-SYPC3_0016	WT	rep1	0	0	0	0	0	0	0	0
20210512_CS_Mcaf2wt_Exp07_R-SCML2_G-SYPC3_0017	WT	rep1	0	2	0	0	0	2	0	0
20210512_CS_Mcaf2wt_Exp07_R-SCML2_G-SYPC3_0018	WT	rep1	0	0	0	2	0	0	0	2
20210512_CS_Mcaf2wt_Exp07_R-SCML2_G-SYPC3_0019	WT	rep1	0	0	0	1	0	0	0	1
20210512_CS_Mcaf2wt_Exp07_R-SCML2_G-SYPC3_0020	WT	rep1	0	0	0	5	0	0	0	5
20210512_CS_Mcaf2wt_Exp07_R-SCML2_G-SYPC3_0021	WT	rep1	0	5	0	0	0	5	0	0
20210512_CS_Mcaf2wt_Exp07_R-SCML2_G-SYPC3_0022	WT	rep1	0	0	0	0	0	0	0	0
20210519_CS_Mcaf2wt_Exp10_R-SCML2_G-SYPC3_0001	WT	rep2	0	0	0	0	0	0	0	0
20210519_CS_Mcaf2wt_Exp10_R-SCML2_G-SYPC3_0002	WT	rep2	0	0	0	0	0	0	0	0
20210519_CS_Mcaf2wt_Exp10_R-SCML2_G-SYPC3_0003	WT	rep2	0	0	0	0	0	0	0	0
20210519_CS_Mcaf2wt_Exp10_R-SCML2_G-SYPC3_0004	WT	rep2	0	0	0	0	0	0	0	0
20210519_CS_Mcaf2wt_Exp10_R-SCML2_G-SYPC3_0005	WT	rep2	11	0	0	0	11	0	0	0
20210519_CS_Mcaf2wt_Exp10_R-SCML2_G-SYPC3_0006	WT	rep2	0	0	0	0	0	0	0	0
20210519_CS_Mcaf2wt_Exp10_R-SCML2_G-SYPC3_0007	WT	rep2	0	0	0	0	0	0	0	0
20210519_CS_Mcaf2wt_Exp10_R-SCML2_G-SYPC3_0008	WT	rep2	0	0	0	0	0	0	0	0
20210519_CS_Mcaf2wt_Exp10_R-SCML2_G-SYPC3_0009	WT	rep2	0	0	0	0	0	0	0	0
20210519_CS_Mcaf2wt_Exp10_R-SCML2_G-SYPC3_0010	WT	rep2	0	4	0	0	0	4	0	0
20210519_CS_Mcaf2wt_Exp10_R-SCML2_G-SYPC3_0011	WT	rep2	8	0	5	0	0	0	5	0
20210519_CS_Mcaf2wt_Exp10_R-SCML2_G-SYPC3_0012	WT	rep2	0	0	0	0	0	0	0	0
20210519_CS_Mcaf2wt_Exp10_R-SCML2_G-SYPC3_0013	WT	rep2	0	0	1	0	0	0	1	0
20210519_CS_Mcaf2wt_Exp10_R-SCML2_G-SYPC3_0014	WT	rep2	0	0	0	0	0	0	0	0
20210519_CS_Mcaf2wt_Exp10_R-SCML2_G-SYPC3_0015	WT	rep2	0	0	0	0	0	0	0	0
20210519_CS_Mcaf2wt_Exp10_R-SCML2_G-SYPC3_0016	WT	rep2	0	1	0	0	0	1	0	0
20210519_CS_Mcaf2wt_Exp10_R-SCML2_G-SYPC3_0017	WT	rep2	0	0	3	1	0	0	3	1
20210519_CS_Mcaf2wt_Exp10_R-SCML2_G-SYPC3_0018	WT	rep2	0	0	0	0	0	0	0	0
20210519_CS_Mcaf2wt_Exp10_R-SCML2_G-SYPC3_0019	WT	rep2	1	2	0	0	1	2	0	0
20210519_CS_Mcaf2wt_Exp10_R-SCML2_G-SYPC3_0020	WT	rep2	0	0	1	0	0	0	1	0
20210519_CS_Mcaf2wt_Exp10_R-SCML2_G-SYPC3_0021	WT	rep2	0	0	1	0	0	0	1	0
20210519_CS_Mcaf2wt_Exp10_R-SCML2_G-SYPC3_0022	WT	rep2	0	1	0	0	0	0	0	0
20210519_CS_Mcaf2wt_Exp10_R-SCML2_G-SYPC3_0023	WT	rep2	0	0	0	0	0	0	0	0
20210519_CS_Mcaf2wt_Exp10_R-SCML2_G-SYPC3_0024	WT	rep2	0	0	1	0	0	0	0	0
20210706_CS_Mcaf2wt_Exp16_R-SCML2_G-SYPC3_0001	WT	rep3	0	0	7	0	0	0	7	0
20210706_CS_Mcaf2wt_Exp16_R-SCML2_G-SYPC3_0002	WT	rep3	0	0	0	0	0	0	0	0
20210706_CS_Mcaf2wt_Exp16_R-SCML2_G-SYPC3_0003	WT	rep3	7	0	0	0	7	0	0	0
20210706_CS_Mcaf2wt_Exp16_R-SCML2_G-SYPC3_0004	WT	rep3	3	0	0	0	3	0	0	0
20210512_CS_Mcaf2ko_Exp07_R-SCML2_G-SYPC3_0101	KO	rep1	0	0	0	0	0	0	0	0
20210512_CS_Mcaf2ko_Exp07_R-SCML2_G-SYPC3_0102	KO	rep1	0	0	0	0	0	0	0	0
20210512_CS_Mcaf2ko_Exp07_R-SCML2_G-SYPC3_0103	KO	rep1	0	0	0	0	0	0	0	0
20210512_CS_Mcaf2ko_Exp07_R-SCML2_G-SYPC3_0104	KO	rep1	0	0	0	0	0	0	0	0
20210512_CS_Mcaf2ko_Exp07_R-SCML2_G-SYPC3_0105	KO	rep1	0	0	0	1	0	0	0	0
20210512_CS_Mcaf2ko_Exp07_R-SCML2_G-SYPC3_0106	KO	rep1	0	0	0	0	0	0	0	0
20210512_CS_Mcaf2ko_Exp07_R-SCML2_G-SYPC3_0107	KO	rep1	0	0	0	0	0	0	0	0
20210512_CS_Mcaf2ko_Exp07_R-SCML2_G-SYPC3_0108	KO	rep1	0	0	0	0	0	0	0	0
20210512_CS_Mcaf2ko_Exp07_R-SCML2_G-SYPC3_0109	KO	rep1	0	0	0	0	0	0	0	0
20210512_CS_Mcaf2ko_Exp07_R-SCML2_G-SYPC3_0110	KO	rep1	0	0	0	0	0	0	0	0
20210512_CS_Mcaf2ko_Exp07_R-SCML2_G-SYPC3_0111	KO	rep1	0	0	0	0	0	0	0	0
20210512_CS_Mcaf2ko_Exp07_R-SCML2_G-SYPC3_0112	KO	rep1	0	0	0	0	0	0	0	0
20210512_CS_Mcaf2ko_Exp07_R-SCML2_G-SYPC3_0113	KO	rep1	0	0	0	0	0	0	0	0
20210512_CS_Mcaf2ko_Exp07_R-SCML2_G-SYPC3_0114	KO	rep1	0	0	0	0	0	0	0	0
20210528_CS_Mcaf2ko_Exp10_R-SCML1-G-SYCP3_101	KO	rep2	6	0	0	0	0	6	0	0
20210528_CS_Mcaf2ko_Exp10_R-SCML1-G-SYCP3_102	KO	rep2	3	0	0	0	0	3	0	0
20210528_CS_Mcaf2ko_Exp10_R-SCML1-G-SYCP3_103	KO	rep2	6	0	0	0	0	0	0	0
20210528_CS_Mcaf2ko_Exp10_R-SCML1-G-SYCP3_104	KO	rep2	0	4	0	0	0	2	0	0
20210528_CS_Mcaf2ko_Exp10_R-SCML1-G-SYCP3_105	KO	rep2	0	13	0	0	0	13	0	0
20210528_CS_Mcaf2ko_Exp10_R-SCML1-G-SYCP3_106	KO	rep2	0	11	0	0	0	11	0	0
20210528_CS_Mcaf2ko_Exp10_R-SCML1-G-SYCP3_107	KO	rep2	0	2	0	0	0	2	0	0
20210528_CS_Mcaf2ko_Exp10_R-SCML1-G-SYCP3_108	KO	rep2	0	8	0	0	0	8	0	0
20210528_CS_Mcaf2ko_Exp10_R-SCML1-G-SYCP3_109	KO	rep2	4	0	0	0	4	0	0	0
20210528_CS_Mcaf2ko_Exp10_R-SCML1-G-SYCP3_110	KO	rep2	0	9	0	0	1	0	0	0
20210528_CS_Mcaf2ko_Exp10_R-SCML1-G-SYCP3_111	KO	rep2	0	4	0	0	0	4	0	0
20210528_CS_Mcaf2ko_Exp10_R-SCML1-G-SYCP3_112	KO	rep2	1	0	0	0	1	0	0	0
20210528_CS_Mcaf2ko_Exp10_R-SCML1-G-SYCP3_113	KO	rep2	0	0	0	0	0	0	0	0
20210528_CS_Mcaf2ko_Exp10_R-SCML1-G-SYCP3_114	KO	rep2	0	0	0	0	0	0	0	0
20210528_CS_Mcaf2ko_Exp10_R-SCML1-G-SYCP3_115	KO	rep2	0	9	0	0	0	9	0	0
20210528_CS_Mcaf2ko_Exp10_R-SCML1-G-SYCP3_116	KO	rep2	0	0	0	1	0	0	0	0
20210528_CS_Mcaf2ko_Exp10_R-SCML1-G-SYCP3_117	KO	rep2	0	0	0	0	0	0	0	0
20210528_CS_Mcaf2ko_Exp10_R-SCML1-G-SYCP3_118	KO	rep2	0	0	0	0	0	0	0	0
20210528_CS_Mcaf2ko_Exp10_R-SCML1-G-SYCP3_119	KO	rep2	1	4	0	0	1	4	0	0
20210528_CS_Mcaf2ko_Exp10_R-SCML1-G-SYCP3_120	KO	rep2	0	8	0	0	0	8	0	0
20210528_CS_Mcaf2ko_Exp10_R-SCML1-G-SYCP3_121	KO	rep2	0	4	0	0	0	4	0	0
20210528_CS_Mcaf2ko_Exp10_R-SCML1-G-SYCP3_122	KO	rep2	0	11	0	0	0	11	0	0
20210528_CS_Mcaf2ko_Exp10_R-SCML1-G-SYCP3_123	KO	rep2	0	2	0	0	0	2	0	0
20210528_CS_Mcaf2ko_Exp10_R-SCML1-G-SYCP3_124	KO	rep2	0	1	0	0	0	1	0	0
20210528_CS_Mcaf2ko_Exp10_R-SCML1-G-SYCP3_125	KO	rep2	0	8	0	0	0	8	0	0
20210528_CS_Mcaf2ko_Exp10_R-SCML1-G-SYCP3_126	KO	rep2	0	0	0	0	0	0	0	0
20210706_CS_Mcaf2ko_Exp16_R-SCML2_G-SYPC3_0101	KO	rep3	2	0	0	0	2	0	0	0
20210706_CS_Mcaf2ko_Exp16_R-SCML2_G-SYPC3_0102	KO	rep3	0	1	0	0	0	1	0	0
20210706_CS_Mcaf2ko_Exp16_R-SCML2_G-SYPC3_0103	KO	rep3	0	1	0	0	0	1	0	0
20210706_CS_Mcaf2ko_Exp16_R-SCML2_G-SYPC3_0104	KO	rep3	0	0	0	0	0	0	0	0
20210706_CS_Mcaf2ko_Exp16_R-SCML2_G-SYPC3_0105	KO	rep3	0	2	0	0	0	2	0	0
20210706_CS_Mcaf2ko_Exp16_R-SCML2_G-SYPC3_0106	KO	rep3	2	0	0	0	1	0	0	0
20210706_CS_Mcaf2ko_Exp16_R-SCML2_G-SYPC3_0107	KO	rep3	0	0	1	0	0	0	1	0
20210706_CS_Mcaf2ko_Exp16_R-SCML2_G-SYPC3_0108	KO	rep3	0	0	0	0	0	0	0	0
20210706_CS_Mcaf2ko_Exp16_R-SCML2_G-SYPC3_0109	KO	rep3	0	0	0	0	0	0	0	0
20210706_CS_Mcaf2ko_Exp16_R-SCML2_G-SYPC3_0110	KO	rep3	6	0	0	2	6	0	0	2
20210706_CS_Mcaf2ko_Exp16_R-SCML2_G-SYPC3_0111	KO	rep3	0	0	0	2	0	0	0	2
20210706_CS_Mcaf2ko_Exp16_R-SCML2_G-SYPC3_0112	KO	rep3	1	0	0	4	0	0	0	4
20210706_CS_Mcaf2ko_Exp16_R-SCML2_G-SYPC3_0113	KO	rep3	7	0	0	0	7	0	0	0
20210706_CS_Mcaf2ko_Exp16_R-SCML2_G-SYPC3_0114	KO	rep3	0	0	1	0	0	0	1	0
20210706_CS_Mcaf2ko_Exp16_R-SCML2_G-SYPC3_0115	KO	rep3	4	0	0	0	4	0	0	0
20210706_CS_Mcaf2ko_Exp16_R-SCML2_G-SYPC3_0116	KO	rep3	0	4	0	0	0	4	0	0
20210706_CS_Mcaf2ko_Exp16_R-SCML2_G-SYPC3_0117	KO	rep3	0	0	3	0	0	0	3	0
20210706_CS_Mcaf2ko_Exp16_R-SCML2_G-SYPC3_0118	KO	rep3	2	0	0	0	2	0	0	0
20210706_CS_Mcaf2ko_Exp16_R-SCML2_G-SYPC3_0119	KO	rep3	1	1	0	0	1	1	0	0
20210706_CS_Mcaf2ko_Exp16_R-SCML2_G-SYPC3_0120	KO	rep3	0	0	0	0	0	0	0	0
20210706_CS_Mcaf2ko_Exp16_R-SCML2_G-SYPC3_0121	KO	rep3	1	0	0	0	1	0	0	0
20210706_CS_Mcaf2ko_Exp16_R-SCML2_G-SYPC3_0122	KO	rep3	1	0	0	0	1	0	0	0
20210706_CS_Mcaf2ko_Exp16_R-SCML2_G-SYPC3_0123	KO	rep3	4	0	0	0	4	0	0	0
