image	genotype	replicate	S6B_observed_pachynema	S6B_SETDB1-bright-on-X-PCH_Mdc1_pachynema
20230412_Exp34_Setdb1-R_SYCP3-G_yH2AX-P_Mdc1wt_001	Ctrl	rep1	1	0
20230412_Exp34_Setdb1-R_SYCP3-G_yH2AX-P_Mdc1wt_002	Ctrl	rep1	1	0
20230412_Exp34_Setdb1-R_SYCP3-G_yH2AX-P_Mdc1wt_003	Ctrl	rep1	1	0
20230412_Exp34_Setdb1-R_SYCP3-G_yH2AX-P_Mdc1wt_004	Ctrl	rep1	1	0
20230412_Exp34_Setdb1-R_SYCP3-G_yH2AX-P_Mdc1wt_005	Ctrl	rep1	1	0
20230412_Exp34_Setdb1-R_SYCP3-G_yH2AX-P_Mdc1wt_006	Ctrl	rep1	1	1
20230412_Exp34_Setdb1-R_SYCP3-G_yH2AX-P_Mdc1wt_007	Ctrl	rep1	0	0
20230412_Exp34_Setdb1-R_SYCP3-G_yH2AX-P_Mdc1wt_008	Ctrl	rep1	1	1
20230412_Exp34_Setdb1-R_SYCP3-G_yH2AX-P_Mdc1wt_009	Ctrl	rep1	2	0
20230412_Exp34_Setdb1-R_SYCP3-G_yH2AX-P_Mdc1wt_010	Ctrl	rep1	0	0
20230412_Exp34_Setdb1-R_SYCP3-G_yH2AX-P_Mdc1wt_011	Ctrl	rep1	1	1
20230412_Exp34_Setdb1-R_SYCP3-G_yH2AX-P_Mdc1wt_012	Ctrl	rep1	0	0
20230412_Exp34_Setdb1-R_SYCP3-G_yH2AX-P_Mdc1wt_013	Ctrl	rep1	1	1
20230412_Exp34_Setdb1-R_SYCP3-G_yH2AX-P_Mdc1wt_014	Ctrl	rep1	0	0
20230412_Exp34_Setdb1-R_SYCP3-G_yH2AX-P_Mdc1wt_015	Ctrl	rep1	1	0
20230412_Exp34_Setdb1-R_SYCP3-G_yH2AX-P_Mdc1wt_016	Ctrl	rep1	1	0
20230412_Exp34_Setdb1-R_SYCP3-G_yH2AX-P_Mdc1wt_017	Ctrl	rep1	1	0
20230412_Exp34_Setdb1-R_SYCP3-G_yH2AX-P_Mdc1wt_018	Ctrl	rep1	1	0
20230412_Exp34_Setdb1-R_SYCP3-G_yH2AX-P_Mdc1wt_019	Ctrl	rep1	1	0
20230412_Exp34_Setdb1-R_SYCP3-G_yH2AX-P_Mdc1wt_020	Ctrl	rep1	2	0
20230412_Exp34_Setdb1-R_SYCP3-G_yH2AX-P_Mdc1wt_021	Ctrl	rep1	1	1
20230412_Exp34_Setdb1-R_SYCP3-G_yH2AX-P_Mdc1wt_022	Ctrl	rep1	1	0
20230412_Exp34_Setdb1-R_SYCP3-G_yH2AX-P_Mdc1wt_023	Ctrl	rep1	0	0
20230412_Exp34_Setdb1-R_SYCP3-G_yH2AX-P_Mdc1wt_024	Ctrl	rep1	0	0
20230412_Exp34_Setdb1-R_SYCP3-G_yH2AX-P_Mdc1wt_025	Ctrl	rep1	1	1
20230412_Exp34_Setdb1-R_SYCP3-G_yH2AX-P_Mdc1wt_026	Ctrl	rep1	1	1
20230412_Exp34_Setdb1-R_SYCP3-G_yH2AX-P_Mdc1wt_027	Ctrl	rep1	1	0
20230412_Exp34_Setdb1-R_SYCP3-G_yH2AX-P_Mdc1wt_028	Ctrl	rep1	0	0
20230412_Exp34_Setdb1-R_SYCP3-G_yH2AX-P_Mdc1wt_029	Ctrl	rep1	0	0
20230412_Exp34_Setdb1-R_SYCP3-G_yH2AX-P_Mdc1wt_030	Ctrl	rep1	1	1
20230412_Exp34_Setdb1-R_SYCP3-G_yH2AX-P_Mdc1wt_031	Ctrl	rep1	0	0
20230412_Exp34_Setdb1-R_SYCP3-G_yH2AX-P_Mdc1wt_032	Ctrl	rep1	1	0
20230412_Exp34_Setdb1-R_SYCP3-G_yH2AX-P_Mdc1wt_033	Ctrl	rep1	0	0
20230412_Exp34_Setdb1-R_SYCP3-G_yH2AX-P_Mdc1wt_201	Ctrl	rep2	2	2
20230412_Exp34_Setdb1-R_SYCP3-G_yH2AX-P_Mdc1wt_202	Ctrl	rep2	1	1
20230412_Exp34_Setdb1-R_SYCP3-G_yH2AX-P_Mdc1wt_203	Ctrl	rep2	1	1
20230412_Exp34_Setdb1-R_SYCP3-G_yH2AX-P_Mdc1wt_204	Ctrl	rep2	0	0
20230412_Exp34_Setdb1-R_SYCP3-G_yH2AX-P_Mdc1wt_205	Ctrl	rep2	1	1
20230412_Exp34_Setdb1-R_SYCP3-G_yH2AX-P_Mdc1wt_206	Ctrl	rep2	1	0
20230412_Exp34_Setdb1-R_SYCP3-G_yH2AX-P_Mdc1wt_207	Ctrl	rep2	0	0
20230412_Exp34_Setdb1-R_SYCP3-G_yH2AX-P_Mdc1wt_208	Ctrl	rep2	1	1
20230412_Exp34_Setdb1-R_SYCP3-G_yH2AX-P_Mdc1wt_209	Ctrl	rep2	0	0
20230412_Exp34_Setdb1-R_SYCP3-G_yH2AX-P_Mdc1wt_210	Ctrl	rep2	1	1
20230412_Exp34_Setdb1-R_SYCP3-G_yH2AX-P_Mdc1wt_211	Ctrl	rep2	0	0
20230412_Exp34_Setdb1-R_SYCP3-G_yH2AX-P_Mdc1wt_212	Ctrl	rep2	1	0
20230412_Exp34_Setdb1-R_SYCP3-G_yH2AX-P_Mdc1wt_213	Ctrl	rep2	1	0
20230412_Exp34_Setdb1-R_SYCP3-G_yH2AX-P_Mdc1wt_214	Ctrl	rep2	0	0
20230412_Exp34_Setdb1-R_SYCP3-G_yH2AX-P_Mdc1wt_215	Ctrl	rep2	1	0
20230412_Exp34_Setdb1-R_SYCP3-G_yH2AX-P_Mdc1wt_216	Ctrl	rep2	2	1
20230412_Exp34_Setdb1-R_SYCP3-G_yH2AX-P_Mdc1wt_217	Ctrl	rep2	1	0
20230412_Exp34_Setdb1-R_SYCP3-G_yH2AX-P_Mdc1wt_218	Ctrl	rep2	1	0
20230412_Exp34_Setdb1-R_SYCP3-G_yH2AX-P_Mdc1wt_219	Ctrl	rep2	1	1
20230412_Exp34_Setdb1-R_SYCP3-G_yH2AX-P_Mdc1wt_220	Ctrl	rep2	1	1
20230412_Exp34_Setdb1-R_SYCP3-G_yH2AX-P_Mdc1het_501	Ctrl	rep3	0	0
20230412_Exp34_Setdb1-R_SYCP3-G_yH2AX-P_Mdc1het_502	Ctrl	rep3	1	0
20230412_Exp34_Setdb1-R_SYCP3-G_yH2AX-P_Mdc1het_503	Ctrl	rep3	0	0
20230412_Exp34_Setdb1-R_SYCP3-G_yH2AX-P_Mdc1het_504	Ctrl	rep3	0	0
20230412_Exp34_Setdb1-R_SYCP3-G_yH2AX-P_Mdc1het_505	Ctrl	rep3	2	0
20230412_Exp34_Setdb1-R_SYCP3-G_yH2AX-P_Mdc1het_506	Ctrl	rep3	0	0
20230412_Exp34_Setdb1-R_SYCP3-G_yH2AX-P_Mdc1het_507	Ctrl	rep3	1	0
20230412_Exp34_Setdb1-R_SYCP3-G_yH2AX-P_Mdc1het_508	Ctrl	rep3	4	0
20230412_Exp34_Setdb1-R_SYCP3-G_yH2AX-P_Mdc1het_509	Ctrl	rep3	0	0
20230412_Exp34_Setdb1-R_SYCP3-G_yH2AX-P_Mdc1het_510	Ctrl	rep3	1	0
20230412_Exp34_Setdb1-R_SYCP3-G_yH2AX-P_Mdc1het_511	Ctrl	rep3	2	1
20230412_Exp34_Setdb1-R_SYCP3-G_yH2AX-P_Mdc1het_512	Ctrl	rep3	1	0
20230412_Exp34_Setdb1-R_SYCP3-G_yH2AX-P_Mdc1het_513	Ctrl	rep3	0	0
20230412_Exp34_Setdb1-R_SYCP3-G_yH2AX-P_Mdc1het_514	Ctrl	rep3	1	0
20230412_Exp34_Setdb1-R_SYCP3-G_yH2AX-P_Mdc1het_515	Ctrl	rep3	4	0
20230412_Exp34_Setdb1-R_SYCP3-G_yH2AX-P_Mdc1het_516	Ctrl	rep3	2	0
20230412_Exp34_Setdb1-R_SYCP3-G_yH2AX-P_Mdc1ko_301	KO	rep2	1	0
20230412_Exp34_Setdb1-R_SYCP3-G_yH2AX-P_Mdc1ko_302	KO	rep2	1	0
20230412_Exp34_Setdb1-R_SYCP3-G_yH2AX-P_Mdc1ko_303	KO	rep2	2	0
20230412_Exp34_Setdb1-R_SYCP3-G_yH2AX-P_Mdc1ko_304	KO	rep2	1	0
20230412_Exp34_Setdb1-R_SYCP3-G_yH2AX-P_Mdc1ko_305	KO	rep2	1	0
20230412_Exp34_Setdb1-R_SYCP3-G_yH2AX-P_Mdc1ko_306	KO	rep2	1	0
20230412_Exp34_Setdb1-R_SYCP3-G_yH2AX-P_Mdc1ko_307	KO	rep2	2	0
20230412_Exp34_Setdb1-R_SYCP3-G_yH2AX-P_Mdc1ko_308	KO	rep2	2	0
20230412_Exp34_Setdb1-R_SYCP3-G_yH2AX-P_Mdc1ko_309	KO	rep2	1	0
20230412_Exp34_Setdb1-R_SYCP3-G_yH2AX-P_Mdc1ko_310	KO	rep2	1	0
20230412_Exp34_Setdb1-R_SYCP3-G_yH2AX-P_Mdc1ko_311	KO	rep2	1	0
20230412_Exp34_Setdb1-R_SYCP3-G_yH2AX-P_Mdc1ko_312	KO	rep2	1	0
20230412_Exp34_Setdb1-R_SYCP3-G_yH2AX-P_Mdc1ko_313	KO	rep2	1	0
20230412_Exp34_Setdb1-R_SYCP3-G_yH2AX-P_Mdc1ko_314	KO	rep2	1	0
20230412_Exp34_Setdb1-R_SYCP3-G_yH2AX-P_Mdc1ko_315	KO	rep2	2	0
20230412_Exp34_Setdb1-R_SYCP3-G_yH2AX-P_Mdc1ko_401	KO	rep3	2	0
20230412_Exp34_Setdb1-R_SYCP3-G_yH2AX-P_Mdc1ko_402	KO	rep3	3	0
20230412_Exp34_Setdb1-R_SYCP3-G_yH2AX-P_Mdc1ko_403	KO	rep3	2	0
20230412_Exp34_Setdb1-R_SYCP3-G_yH2AX-P_Mdc1ko_404	KO	rep3	1	0
20230412_Exp34_Setdb1-R_SYCP3-G_yH2AX-P_Mdc1ko_405	KO	rep3	1	0
20230412_Exp34_Setdb1-R_SYCP3-G_yH2AX-P_Mdc1ko_406	KO	rep3	0	0
20230412_Exp34_Setdb1-R_SYCP3-G_yH2AX-P_Mdc1ko_407	KO	rep3	0	0
20230412_Exp34_Setdb1-R_SYCP3-G_yH2AX-P_Mdc1ko_408	KO	rep3	1	0
20230412_Exp34_Setdb1-R_SYCP3-G_yH2AX-P_Mdc1ko_409	KO	rep3	2	0
20230412_Exp34_Setdb1-R_SYCP3-G_yH2AX-P_Mdc1ko_410	KO	rep3	3	0
20230412_Exp34_Setdb1-R_SYCP3-G_yH2AX-P_Mdc1ko_411	KO	rep3	4	0
20230412_Exp34_Setdb1-R_SYCP3-G_yH2AX-P_Mdc1ko_412	KO	rep3	0	0
20230412_Exp34_Setdb1-R_SYCP3-G_yH2AX-P_Mdc1ko_413	KO	rep3	0	0
20230412_Exp34_Setdb1-R_SYCP3-G_yH2AX-P_Mdc1ko_414	KO	rep3	2	0
20230412_Exp34_Setdb1-R_SYCP3-G_yH2AX-P_Mdc1ko_415	KO	rep3	2	0
20230915_Exp94_Setdb1-R_SYCP3-G_yH2AX-P_Mdc1ko_101	KO	rep1	0	0
20230915_Exp94_Setdb1-R_SYCP3-G_yH2AX-P_Mdc1ko_102	KO	rep1	1	0
20230915_Exp94_Setdb1-R_SYCP3-G_yH2AX-P_Mdc1ko_103	KO	rep1	1	0
20230915_Exp94_Setdb1-R_SYCP3-G_yH2AX-P_Mdc1ko_104	KO	rep1	3	0
20230915_Exp94_Setdb1-R_SYCP3-G_yH2AX-P_Mdc1ko_105	KO	rep1	2	0
20230915_Exp94_Setdb1-R_SYCP3-G_yH2AX-P_Mdc1ko_106	KO	rep1	2	0
20230915_Exp94_Setdb1-R_SYCP3-G_yH2AX-P_Mdc1ko_107	KO	rep1	4	0
20230915_Exp94_Setdb1-R_SYCP3-G_yH2AX-P_Mdc1ko_108	KO	rep1	3	0
20230915_Exp94_Setdb1-R_SYCP3-G_yH2AX-P_Mdc1ko_109	KO	rep1	1	0
20230915_Exp94_Setdb1-R_SYCP3-G_yH2AX-P_Mdc1ko_110	KO	rep1	0	0
20230915_Exp94_Setdb1-R_SYCP3-G_yH2AX-P_Mdc1ko_111	KO	rep1	6	0
20230915_Exp94_Setdb1-R_SYCP3-G_yH2AX-P_Mdc1ko_112	KO	rep1	4	0
20230915_Exp94_Setdb1-R_SYCP3-G_yH2AX-P_Mdc1ko_113	KO	rep1	1	0
20230915_Exp94_Setdb1-R_SYCP3-G_yH2AX-P_Mdc1ko_114	KO	rep1	0	0
20230915_Exp94_Setdb1-R_SYCP3-G_yH2AX-P_Mdc1ko_115	KO	rep1	0	0
20230915_Exp94_Setdb1-R_SYCP3-G_yH2AX-P_Mdc1ko_116	KO	rep1	1	0
20230915_Exp94_Setdb1-R_SYCP3-G_yH2AX-P_Mdc1ko_117	KO	rep1	0	0
20230915_Exp94_Setdb1-R_SYCP3-G_yH2AX-P_Mdc1ko_118	KO	rep1	1	0
20230915_Exp94_Setdb1-R_SYCP3-G_yH2AX-P_Mdc1ko_119	KO	rep1	1	0
20230915_Exp94_Setdb1-R_SYCP3-G_yH2AX-P_Mdc1ko_120	KO	rep1	3	0
20230915_Exp94_Setdb1-R_SYCP3-G_yH2AX-P_Mdc1ko_121	KO	rep1	1	0
20230915_Exp94_Setdb1-R_SYCP3-G_yH2AX-P_Mdc1ko_122	KO	rep1	3	0
20230915_Exp94_Setdb1-R_SYCP3-G_yH2AX-P_Mdc1ko_123	KO	rep1	4	0
20230915_Exp94_Setdb1-R_SYCP3-G_yH2AX-P_Mdc1ko_124	KO	rep1	1	0
20230915_Exp94_Setdb1-R_SYCP3-G_yH2AX-P_Mdc1ko_125	KO	rep1	1	0
20230915_Exp94_Setdb1-R_SYCP3-G_yH2AX-P_Mdc1ko_126	KO	rep1	0	0
20230915_Exp94_Setdb1-R_SYCP3-G_yH2AX-P_Mdc1ko_127	KO	rep1	1	0
20230915_Exp94_Setdb1-R_SYCP3-G_yH2AX-P_Mdc1ko_128	KO	rep1	2	0
20230915_Exp94_Setdb1-R_SYCP3-G_yH2AX-P_Mdc1ko_129	KO	rep1	1	0
20230915_Exp94_Setdb1-R_SYCP3-G_yH2AX-P_Mdc1ko_130	KO	rep1	1	0
20230915_Exp94_Setdb1-R_SYCP3-G_yH2AX-P_Mdc1ko_131	KO	rep1	3	0
20230915_Exp94_Setdb1-R_SYCP3-G_yH2AX-P_Mdc1ko_132	KO	rep1	2	0
20230915_Exp94_Setdb1-R_SYCP3-G_yH2AX-P_Mdc1ko_133	KO	rep1	3	0
20230915_Exp94_Setdb1-R_SYCP3-G_yH2AX-P_Mdc1ko_134	KO	rep1	2	0
20230915_Exp94_Setdb1-R_SYCP3-G_yH2AX-P_Mdc1ko_135	KO	rep1	2	0
