image	genotype	replicate	S7G_observed_pachynema	S7G_ATF7IP1-on-X-PCH_Atf7ip2_pachynema
20230515_CS_Exp44_MCAF1-R_SYCP3-G_yH2AX-P_Mcaf2ko_101	KO	rep1	1	0
20230515_CS_Exp44_MCAF1-R_SYCP3-G_yH2AX-P_Mcaf2ko_102	KO	rep1	4	4
20230515_CS_Exp44_MCAF1-R_SYCP3-G_yH2AX-P_Mcaf2ko_103	KO	rep1	1	0
20230515_CS_Exp44_MCAF1-R_SYCP3-G_yH2AX-P_Mcaf2ko_104	KO	rep1	1	0
20230515_CS_Exp44_MCAF1-R_SYCP3-G_yH2AX-P_Mcaf2ko_105	KO	rep1	9	9
20230515_CS_Exp44_MCAF1-R_SYCP3-G_yH2AX-P_Mcaf2ko_106	KO	rep1	1	1
20230515_CS_Exp44_MCAF1-R_SYCP3-G_yH2AX-P_Mcaf2ko_107	KO	rep1	3	0
20230515_CS_Exp44_MCAF1-R_SYCP3-G_yH2AX-P_Mcaf2ko_108	KO	rep1	4	2
20230515_CS_Exp44_MCAF1-R_SYCP3-G_yH2AX-P_Mcaf2ko_109	KO	rep1	0	0
20230515_CS_Exp44_MCAF1-R_SYCP3-G_yH2AX-P_Mcaf2ko_110	KO	rep1	4	0
20230515_CS_Exp44_MCAF1-R_SYCP3-G_yH2AX-P_Mcaf2ko_111	KO	rep1	1	0
20230515_CS_Exp44_MCAF1-R_SYCP3-G_yH2AX-P_Mcaf2ko_112	KO	rep1	1	0
20230515_CS_Exp44_MCAF1-R_SYCP3-G_yH2AX-P_Mcaf2ko_113	KO	rep1	8	7
20230515_CS_Exp44_MCAF1-R_SYCP3-G_yH2AX-P_Mcaf2ko_114	KO	rep1	4	0
20230515_CS_Exp44_MCAF1-R_SYCP3-G_yH2AX-P_Mcaf2ko_201	KO	rep2	1	0
20230515_CS_Exp44_MCAF1-R_SYCP3-G_yH2AX-P_Mcaf2ko_202	KO	rep2	4	0
20230515_CS_Exp44_MCAF1-R_SYCP3-G_yH2AX-P_Mcaf2ko_203	KO	rep2	7	0
20230515_CS_Exp44_MCAF1-R_SYCP3-G_yH2AX-P_Mcaf2ko_204	KO	rep2	1	0
20230515_CS_Exp44_MCAF1-R_SYCP3-G_yH2AX-P_Mcaf2ko_205	KO	rep2	0	0
20230515_CS_Exp44_MCAF1-R_SYCP3-G_yH2AX-P_Mcaf2ko_401	KO	rep3	0	0
20230515_CS_Exp44_MCAF1-R_SYCP3-G_yH2AX-P_Mcaf2ko_402	KO	rep3	20	1
20230515_CS_Exp44_MCAF1-R_SYCP3-G_yH2AX-P_Mcaf2ko_403	KO	rep3	1	0
20230515_CS_Exp44_MCAF1-R_SYCP3-G_yH2AX-P_Mcaf2ko_404	KO	rep3	2	0
20230515_CS_Exp44_MCAF1-R_SYCP3-G_yH2AX-P_Mcaf2ko_405	KO	rep3	2	0
20230515_CS_Exp44_MCAF1-R_SYCP3-G_yH2AX-P_Mcaf2ko_406	KO	rep3	1	1
20230515_CS_Exp44_MCAF1-R_SYCP3-G_yH2AX-P_Mcaf2ko_407	KO	rep3	10	0
20230515_CS_Exp44_MCAF1-R_SYCP3-G_yH2AX-P_Mcaf2ko_408	KO	rep3	7	0
20230515_CS_Exp44_MCAF1-R_SYCP3-G_yH2AX-P_Mcaf2ko_409	KO	rep3	3	0
20230515_CS_Exp44_MCAF1-R_SYCP3-G_yH2AX-P_Mcaf2ko_410	KO	rep3	1	0
20230515_CS_Exp44_MCAF1-R_SYCP3-G_yH2AX-P_Mcaf2ko_411	KO	rep3	1	0
20230515_CS_Exp44_MCAF1-R_SYCP3-G_yH2AX-P_Mcaf2ko_412	KO	rep3	1	0
20230515_CS_Exp44_MCAF1-R_SYCP3-G_yH2AX-P_Mcaf2ko_413	KO	rep3	1	0
20230515_CS_Exp44_MCAF1-R_SYCP3-G_yH2AX-P_Mcaf2ko_414	KO	rep3	1	0
20230515_CS_Exp44_MCAF1-R_SYCP3-G_yH2AX-P_Mcaf2ko_415	KO	rep3	1	0
20230515_CS_Exp44_MCAF1-R_SYCP3-G_yH2AX-P_Mcaf2ko_416	KO	rep3	1	0
20230515_CS_Exp44_MCAF1-R_SYCP3-G_yH2AX-P_Mcaf2ko_417	KO	rep3	2	0
20230515_CS_Exp44_MCAF1-R_SYCP3-G_yH2AX-P_Mcaf2ko_418	KO	rep3	1	0
20230515_CS_Exp44_MCAF1-R_SYCP3-G_yH2AX-P_Mcaf2ko_419	KO	rep3	1	0
20230515_CS_Exp44_MCAF1-R_SYCP3-G_yH2AX-P_Mcaf2wt_001	WT	rep1	4	4
20230515_CS_Exp44_MCAF1-R_SYCP3-G_yH2AX-P_Mcaf2wt_002	WT	rep1	4	4
20230515_CS_Exp44_MCAF1-R_SYCP3-G_yH2AX-P_Mcaf2wt_003	WT	rep1	0	0
20230515_CS_Exp44_MCAF1-R_SYCP3-G_yH2AX-P_Mcaf2wt_004	WT	rep1	1	1
20230515_CS_Exp44_MCAF1-R_SYCP3-G_yH2AX-P_Mcaf2wt_005	WT	rep1	1	0
20230515_CS_Exp44_MCAF1-R_SYCP3-G_yH2AX-P_Mcaf2wt_006	WT	rep1	1	1
20230515_CS_Exp44_MCAF1-R_SYCP3-G_yH2AX-P_Mcaf2wt_007	WT	rep1	0	0
20230515_CS_Exp44_MCAF1-R_SYCP3-G_yH2AX-P_Mcaf2wt_008	WT	rep1	1	0
20230515_CS_Exp44_MCAF1-R_SYCP3-G_yH2AX-P_Mcaf2wt_009	WT	rep1	0	0
20230515_CS_Exp44_MCAF1-R_SYCP3-G_yH2AX-P_Mcaf2wt_010	WT	rep1	7	7
20230515_CS_Exp44_MCAF1-R_SYCP3-G_yH2AX-P_Mcaf2wt_011	WT	rep1	2	2
20230515_CS_Exp44_MCAF1-R_SYCP3-G_yH2AX-P_Mcaf2wt_012	WT	rep1	2	0
20230515_CS_Exp44_MCAF1-R_SYCP3-G_yH2AX-P_Mcaf2wt_013	WT	rep1	0	0
20230515_CS_Exp44_MCAF1-R_SYCP3-G_yH2AX-P_Mcaf2wt_014	WT	rep1	0	0
20230515_CS_Exp44_MCAF1-R_SYCP3-G_yH2AX-P_Mcaf2wt_015	WT	rep1	1	0
20230515_CS_Exp44_MCAF1-R_SYCP3-G_yH2AX-P_Mcaf2wt_016	WT	rep1	3	0
20230515_CS_Exp44_MCAF1-R_SYCP3-G_yH2AX-P_Mcaf2wt_017	WT	rep1	2	2
20230515_CS_Exp44_MCAF1-R_SYCP3-G_yH2AX-P_Mcaf2wt_018	WT	rep1	0	0
20230515_CS_Exp44_MCAF1-R_SYCP3-G_yH2AX-P_Mcaf2wt_019	WT	rep1	0	0
20230515_CS_Exp44_MCAF1-R_SYCP3-G_yH2AX-P_Mcaf2wt_020	WT	rep1	1	1
20230515_CS_Exp44_MCAF1-R_SYCP3-G_yH2AX-P_Mcaf2wt_021	WT	rep1	1	1
20230515_CS_Exp44_MCAF1-R_SYCP3-G_yH2AX-P_Mcaf2wt_022	WT	rep1	2	2
20230515_CS_Exp44_MCAF1-R_SYCP3-G_yH2AX-P_Mcaf2wt_023	WT	rep1	4	4
20230515_CS_Exp44_MCAF1-R_SYCP3-G_yH2AX-P_Mcaf2wt_024	WT	rep1	1	0
20230515_CS_Exp44_MCAF1-R_SYCP3-G_yH2AX-P_Mcaf2wt_025	WT	rep1	1	0
20230515_CS_Exp44_MCAF1-R_SYCP3-G_yH2AX-P_Mcaf2wt_026	WT	rep1	1	1
20230515_CS_Exp44_MCAF1-R_SYCP3-G_yH2AX-P_Mcaf2wt_027	WT	rep1	0	0
20230515_CS_Exp44_MCAF1-R_SYCP3-G_yH2AX-P_Mcaf2wt_028	WT	rep1	2	2
20230515_CS_Exp44_MCAF1-R_SYCP3-G_yH2AX-P_Mcaf2wt_029	WT	rep1	2	0
20230515_CS_Exp44_MCAF1-R_SYCP3-G_yH2AX-P_Mcaf2wt_030	WT	rep1	0	0
20230515_CS_Exp44_MCAF1-R_SYCP3-G_yH2AX-P_Mcaf2wt_031	WT	rep1	0	0
20230515_CS_Exp44_MCAF1-R_SYCP3-G_yH2AX-P_Mcaf2wt_301	WT	rep2	7	3
20230515_CS_Exp44_MCAF1-R_SYCP3-G_yH2AX-P_Mcaf2wt_302	WT	rep2	5	5
20230515_CS_Exp44_MCAF1-R_SYCP3-G_yH2AX-P_Mcaf2wt_303	WT	rep2	1	1
20230515_CS_Exp44_MCAF1-R_SYCP3-G_yH2AX-P_Mcaf2wt_304	WT	rep2	0	0
20230515_CS_Exp44_MCAF1-R_SYCP3-G_yH2AX-P_Mcaf2wt_305	WT	rep2	0	0
20230515_CS_Exp44_MCAF1-R_SYCP3-G_yH2AX-P_Mcaf2wt_306	WT	rep2	8	4
20230515_CS_Exp44_MCAF1-R_SYCP3-G_yH2AX-P_Mcaf2wt_307	WT	rep2	3	3
20230515_CS_Exp44_MCAF1-R_SYCP3-G_yH2AX-P_Mcaf2wt_308	WT	rep2	2	0
20230515_CS_Exp44_MCAF1-R_SYCP3-G_yH2AX-P_Mcaf2wt_309	WT	rep2	1	0
20230515_CS_Exp44_MCAF1-R_SYCP3-G_yH2AX-P_Mcaf2wt_310	WT	rep2	1	1
20230515_CS_Exp44_MCAF1-R_SYCP3-G_yH2AX-P_Mcaf2wt_311	WT	rep2	1	0
20230515_CS_Exp44_MCAF1-R_SYCP3-G_yH2AX-P_Mcaf2wt_312	WT	rep2	1	1
20230515_CS_Exp44_MCAF1-R_SYCP3-G_yH2AX-P_Mcaf2wt_313	WT	rep2	0	0
20230515_CS_Exp44_MCAF1-R_SYCP3-G_yH2AX-P_Mcaf2wt_314	WT	rep2	1	1
20230515_CS_Exp44_MCAF1-R_SYCP3-G_yH2AX-P_Mcaf2wt_315	WT	rep2	1	0
20230515_CS_Exp44_MCAF1-R_SYCP3-G_yH2AX-P_Mcaf2wt_316	WT	rep2	6	6
20230515_CS_Exp44_MCAF1-R_SYCP3-G_yH2AX-P_Mcaf2wt_317	WT	rep2	2	2
20230515_CS_Exp44_MCAF1-R_SYCP3-G_yH2AX-P_Mcaf2wt_318	WT	rep2	1	1
20230515_CS_Exp44_MCAF1-R_SYCP3-G_yH2AX-P_Mcaf2wt_319	WT	rep2	4	2
20230515_CS_Exp44_MCAF1-R_SYCP3-G_yH2AX-P_Mcaf2wt_320	WT	rep2	2	2
20230515_CS_Exp44_MCAF1-R_SYCP3-G_yH2AX-P_Mcaf2wt_321	WT	rep2	2	2
20230515_CS_Exp44_MCAF1-R_SYCP3-G_yH2AX-P_Mcaf2wt_322	WT	rep2	0	0
20230515_CS_Exp44_MCAF1-R_SYCP3-G_yH2AX-P_Mcaf2wt_323	WT	rep2	1	1
20230515_CS_Exp44_MCAF1-R_SYCP3-G_yH2AX-P_Mcaf2wt_324	WT	rep2	2	2
20230515_CS_Exp44_MCAF1-R_SYCP3-G_yH2AX-P_Mcaf2wt_325	WT	rep2	1	1
20230515_CS_Exp44_MCAF1-R_SYCP3-G_yH2AX-P_Mcaf2wt_326	WT	rep2	11	9
20230515_CS_Exp44_MCAF1-R_SYCP3-G_yH2AX-P_Mcaf2wt_501	WT	rep3	0	0
20230515_CS_Exp44_MCAF1-R_SYCP3-G_yH2AX-P_Mcaf2wt_502	WT	rep3	0	0
20230515_CS_Exp44_MCAF1-R_SYCP3-G_yH2AX-P_Mcaf2wt_503	WT	rep3	4	3
20230515_CS_Exp44_MCAF1-R_SYCP3-G_yH2AX-P_Mcaf2wt_504	WT	rep3	0	0
20230515_CS_Exp44_MCAF1-R_SYCP3-G_yH2AX-P_Mcaf2wt_505	WT	rep3	6	4
20230515_CS_Exp44_MCAF1-R_SYCP3-G_yH2AX-P_Mcaf2wt_506	WT	rep3	5	4
20230515_CS_Exp44_MCAF1-R_SYCP3-G_yH2AX-P_Mcaf2wt_507	WT	rep3	1	1
20230515_CS_Exp44_MCAF1-R_SYCP3-G_yH2AX-P_Mcaf2wt_508	WT	rep3	6	5
20230515_CS_Exp44_MCAF1-R_SYCP3-G_yH2AX-P_Mcaf2wt_509	WT	rep3	0	0
20230515_CS_Exp44_MCAF1-R_SYCP3-G_yH2AX-P_Mcaf2wt_510	WT	rep3	5	5
20230515_CS_Exp44_MCAF1-R_SYCP3-G_yH2AX-P_Mcaf2wt_511	WT	rep3	2	2
20230515_CS_Exp44_MCAF1-R_SYCP3-G_yH2AX-P_Mcaf2wt_512	WT	rep3	0	0
20230515_CS_Exp44_MCAF1-R_SYCP3-G_yH2AX-P_Mcaf2wt_513	WT	rep3	1	0
20230515_CS_Exp44_MCAF1-R_SYCP3-G_yH2AX-P_Mcaf2wt_514	WT	rep3	0	0
20230515_CS_Exp44_MCAF1-R_SYCP3-G_yH2AX-P_Mcaf2wt_515	WT	rep3	7	0
20230515_CS_Exp44_MCAF1-R_SYCP3-G_yH2AX-P_Mcaf2wt_516	WT	rep3	1	1
20230515_CS_Exp44_MCAF1-R_SYCP3-G_yH2AX-P_Mcaf2wt_517	WT	rep3	8	4
20230515_CS_Exp44_MCAF1-R_SYCP3-G_yH2AX-P_Mcaf2wt_518	WT	rep3	0	0
20230515_CS_Exp44_MCAF1-R_SYCP3-G_yH2AX-P_Mcaf2wt_519	WT	rep3	5	4
20230515_CS_Exp44_MCAF1-R_SYCP3-G_yH2AX-P_Mcaf2wt_520	WT	rep3	2	2
20230515_CS_Exp44_MCAF1-R_SYCP3-G_yH2AX-P_Mcaf2wt_521	WT	rep3	0	0
20230515_CS_Exp44_MCAF1-R_SYCP3-G_yH2AX-P_Mcaf2wt_522	WT	rep3	1	1
20230515_CS_Exp44_MCAF1-R_SYCP3-G_yH2AX-P_Mcaf2wt_523	WT	rep3	0	0
20230515_CS_Exp44_MCAF1-R_SYCP3-G_yH2AX-P_Mcaf2wt_524	WT	rep3	0	0
20230515_CS_Exp44_MCAF1-R_SYCP3-G_yH2AX-P_Mcaf2wt_525	WT	rep3	1	1
20230515_CS_Exp44_MCAF1-R_SYCP3-G_yH2AX-P_Mcaf2wt_526	WT	rep3	1	0
