image	genotype	replicate	S6C_observed_pachynema	S6C_MDC1-on-XY_Atf7ip2_pachynema
20230322_Exp31_MDC1_SYCP3_yH2AX_d35_Mcaf2wt_001	WT	rep1	0	0
20230322_Exp31_MDC1_SYCP3_yH2AX_d35_Mcaf2wt_002	WT	rep1	0	0
20230322_Exp31_MDC1_SYCP3_yH2AX_d35_Mcaf2wt_003	WT	rep1	0	0
20230322_Exp31_MDC1_SYCP3_yH2AX_d35_Mcaf2wt_004	WT	rep1	3	3
20230322_Exp31_MDC1_SYCP3_yH2AX_d35_Mcaf2wt_005	WT	rep1	0	0
20230322_Exp31_MDC1_SYCP3_yH2AX_d35_Mcaf2wt_006	WT	rep1	13	13
20230322_Exp31_MDC1_SYCP3_yH2AX_d35_Mcaf2wt_007	WT	rep1	5	5
20230322_Exp31_MDC1_SYCP3_yH2AX_d35_Mcaf2wt_008	WT	rep1	0	0
20230322_Exp31_MDC1_SYCP3_yH2AX_d35_Mcaf2wt_009	WT	rep1	6	6
20230322_Exp31_MDC1_SYCP3_yH2AX_d35_Mcaf2wt_010	WT	rep1	4	4
20230322_Exp31_MDC1_SYCP3_yH2AX_d35_Mcaf2wt_011	WT	rep1	20	20
20230322_Exp31_MDC1_SYCP3_yH2AX_d35_Mcaf2wt_012	WT	rep1	0	0
20230322_Exp31_MDC1_SYCP3_yH2AX_d35_Mcaf2wt_013	WT	rep1	8	8
20230322_Exp31_MDC1_SYCP3_yH2AX_d35_Mcaf2wt_014	WT	rep1	3	3
20230322_Exp31_MDC1_SYCP3_yH2AX_d35_Mcaf2wt_015	WT	rep1	5	5
20230322_Exp31_MDC1_SYCP3_yH2AX_d44_Mcaf2wt_201	WT	rep2	0	0
20230322_Exp31_MDC1_SYCP3_yH2AX_d44_Mcaf2wt_202	WT	rep2	1	1
20230322_Exp31_MDC1_SYCP3_yH2AX_d44_Mcaf2wt_203	WT	rep2	4	4
20230322_Exp31_MDC1_SYCP3_yH2AX_d44_Mcaf2wt_204	WT	rep2	0	0
20230322_Exp31_MDC1_SYCP3_yH2AX_d44_Mcaf2wt_205	WT	rep2	0	0
20230322_Exp31_MDC1_SYCP3_yH2AX_d44_Mcaf2wt_206	WT	rep2	1	1
20230322_Exp31_MDC1_SYCP3_yH2AX_d44_Mcaf2wt_207	WT	rep2	1	1
20230322_Exp31_MDC1_SYCP3_yH2AX_d44_Mcaf2wt_208	WT	rep2	1	1
20230322_Exp31_MDC1_SYCP3_yH2AX_d44_Mcaf2wt_209	WT	rep2	5	5
20230322_Exp31_MDC1_SYCP3_yH2AX_d44_Mcaf2wt_210	WT	rep2	1	1
20230322_Exp31_MDC1_SYCP3_yH2AX_d44_Mcaf2wt_211	WT	rep2	1	1
20230322_Exp31_MDC1_SYCP3_yH2AX_d44_Mcaf2wt_212	WT	rep2	0	0
20230322_Exp31_MDC1_SYCP3_yH2AX_d44_Mcaf2wt_213	WT	rep2	0	0
20230322_Exp31_MDC1_SYCP3_yH2AX_d44_Mcaf2wt_214	WT	rep2	0	0
20230322_Exp31_MDC1_SYCP3_yH2AX_d44_Mcaf2wt_215	WT	rep2	0	0
20230322_Exp31_MDC1_SYCP3_yH2AX_d44_Mcaf2wt_216	WT	rep2	2	2
20230322_Exp31_MDC1_SYCP3_yH2AX_d44_Mcaf2wt_217	WT	rep2	1	1
20230322_Exp31_MDC1_SYCP3_yH2AX_d44_Mcaf2wt_218	WT	rep2	0	0
20230322_Exp31_MDC1_SYCP3_yH2AX_d46_Mcaf2wt_501	WT	rep3	1	1
20230322_Exp31_MDC1_SYCP3_yH2AX_d46_Mcaf2wt_502	WT	rep3	0	0
20230322_Exp31_MDC1_SYCP3_yH2AX_d46_Mcaf2wt_503	WT	rep3	0	0
20230322_Exp31_MDC1_SYCP3_yH2AX_d46_Mcaf2wt_504	WT	rep3	0	0
20230322_Exp31_MDC1_SYCP3_yH2AX_d46_Mcaf2wt_505	WT	rep3	0	0
20230322_Exp31_MDC1_SYCP3_yH2AX_d46_Mcaf2wt_506	WT	rep3	5	5
20230322_Exp31_MDC1_SYCP3_yH2AX_d46_Mcaf2wt_507	WT	rep3	1	1
20230322_Exp31_MDC1_SYCP3_yH2AX_d46_Mcaf2wt_508	WT	rep3	0	0
20230322_Exp31_MDC1_SYCP3_yH2AX_d46_Mcaf2wt_509	WT	rep3	0	0
20230322_Exp31_MDC1_SYCP3_yH2AX_d46_Mcaf2wt_510	WT	rep3	0	0
20230322_Exp31_MDC1_SYCP3_yH2AX_d46_Mcaf2wt_511	WT	rep3	0	0
20230322_Exp31_MDC1_SYCP3_yH2AX_d46_Mcaf2wt_512	WT	rep3	0	0
20230322_Exp31_MDC1_SYCP3_yH2AX_d46_Mcaf2wt_513	WT	rep3	1	1
20230322_Exp31_MDC1_SYCP3_yH2AX_d46_Mcaf2wt_514	WT	rep3	0	0
20230322_Exp31_MDC1_SYCP3_yH2AX_d46_Mcaf2wt_515	WT	rep3	4	4
20230322_Exp31_MDC1_SYCP3_yH2AX_d46_Mcaf2wt_516	WT	rep3	6	6
20230322_Exp31_MDC1_SYCP3_yH2AX_d46_Mcaf2wt_517	WT	rep3	1	1
20230322_Exp31_MDC1_SYCP3_yH2AX_d46_Mcaf2wt_518	WT	rep3	4	4
20230322_Exp31_MDC1_SYCP3_yH2AX_d46_Mcaf2wt_519	WT	rep3	7	7
20230322_Exp31_MDC1_SYCP3_yH2AX_d46_Mcaf2wt_520	WT	rep3	0	0
20230322_Exp31_MDC1_SYCP3_yH2AX_d46_Mcaf2wt_521	WT	rep3	1	1
20230322_Exp31_MDC1_SYCP3_yH2AX_d46_Mcaf2wt_522	WT	rep3	9	9
20230322_Exp31_MDC1_SYCP3_yH2AX_d46_Mcaf2wt_523	WT	rep3	0	0
20230322_Exp31_MDC1_SYCP3_yH2AX_d46_Mcaf2wt_524	WT	rep3	0	0
20230322_Exp31_MDC1_SYCP3_yH2AX_d46_Mcaf2wt_525	WT	rep3	1	1
20230322_Exp31_MDC1_SYCP3_yH2AX_d46_Mcaf2wt_526	WT	rep3	0	0
20230322_Exp31_MDC1_SYCP3_yH2AX_d35_Mcaf2ko_101	KO	rep1	0	0
20230322_Exp31_MDC1_SYCP3_yH2AX_d35_Mcaf2ko_102	KO	rep1	0	0
20230322_Exp31_MDC1_SYCP3_yH2AX_d35_Mcaf2ko_103	KO	rep1	0	0
20230322_Exp31_MDC1_SYCP3_yH2AX_d35_Mcaf2ko_104	KO	rep1	0	0
20230322_Exp31_MDC1_SYCP3_yH2AX_d35_Mcaf2ko_105	KO	rep1	0	0
20230322_Exp31_MDC1_SYCP3_yH2AX_d35_Mcaf2ko_106	KO	rep1	0	0
20230322_Exp31_MDC1_SYCP3_yH2AX_d44_Mcaf2ko_301	KO	rep2	0	0
20230322_Exp31_MDC1_SYCP3_yH2AX_d44_Mcaf2ko_302	KO	rep2	3	3
20230322_Exp31_MDC1_SYCP3_yH2AX_d44_Mcaf2ko_303	KO	rep2	1	1
20230322_Exp31_MDC1_SYCP3_yH2AX_d44_Mcaf2ko_304	KO	rep2	1	1
20230322_Exp31_MDC1_SYCP3_yH2AX_d44_Mcaf2ko_305	KO	rep2	1	1
20230322_Exp31_MDC1_SYCP3_yH2AX_d44_Mcaf2ko_306	KO	rep2	0	0
20230322_Exp31_MDC1_SYCP3_yH2AX_d44_Mcaf2ko_307	KO	rep2	1	1
20230322_Exp31_MDC1_SYCP3_yH2AX_d44_Mcaf2ko_308	KO	rep2	1	1
20230322_Exp31_MDC1_SYCP3_yH2AX_d44_Mcaf2ko_309	KO	rep2	0	0
20230322_Exp31_MDC1_SYCP3_yH2AX_d44_Mcaf2ko_310	KO	rep2	1	1
20230322_Exp31_MDC1_SYCP3_yH2AX_d46_Mcaf2ko_401	KO	rep3	1	1
20230322_Exp31_MDC1_SYCP3_yH2AX_d46_Mcaf2ko_402	KO	rep3	5	5
20230322_Exp31_MDC1_SYCP3_yH2AX_d46_Mcaf2ko_403	KO	rep3	6	6
20230322_Exp31_MDC1_SYCP3_yH2AX_d46_Mcaf2ko_404	KO	rep3	4	0
20230322_Exp31_MDC1_SYCP3_yH2AX_d46_Mcaf2ko_405	KO	rep3	0	0
20230322_Exp31_MDC1_SYCP3_yH2AX_d46_Mcaf2ko_406	KO	rep3	0	0
20230322_Exp31_MDC1_SYCP3_yH2AX_d46_Mcaf2ko_407	KO	rep3	6	6
20230322_Exp31_MDC1_SYCP3_yH2AX_d46_Mcaf2ko_408	KO	rep3	4	4
20230322_Exp31_MDC1_SYCP3_yH2AX_d46_Mcaf2ko_409	KO	rep3	5	5
20230322_Exp31_MDC1_SYCP3_yH2AX_d46_Mcaf2ko_410	KO	rep3	2	2
20230322_Exp31_MDC1_SYCP3_yH2AX_d46_Mcaf2ko_411	KO	rep3	1	1
20230322_Exp31_MDC1_SYCP3_yH2AX_d46_Mcaf2ko_412	KO	rep3	2	2
20230322_Exp31_MDC1_SYCP3_yH2AX_d46_Mcaf2ko_413	KO	rep3	3	3
20230322_Exp31_MDC1_SYCP3_yH2AX_d46_Mcaf2ko_414	KO	rep3	0	0
20230322_Exp31_MDC1_SYCP3_yH2AX_d46_Mcaf2ko_415	KO	rep3	1	1
20230322_Exp31_MDC1_SYCP3_yH2AX_d46_Mcaf2ko_416	KO	rep3	1	1
20230322_Exp31_MDC1_SYCP3_yH2AX_d46_Mcaf2ko_417	KO	rep3	0	0
20230322_Exp31_MDC1_SYCP3_yH2AX_d46_Mcaf2ko_418	KO	rep3	1	1
